Index,Site,Region,Ancestry,Q,GW,Project,Sequencing file name,DNA identifier,Tissue identifier,RAD identifier,"Sampling locality (water body, drainage, region)",Major Drainage,Latitude,Longitude,Source,Collection date,Comments,String,Coverage,Individual,Kept
159,LakeClark,Southwest,Q1,0.9593361616134644,GW,AN1711171,V-006_R1_001.fastq.gz,TO4271,TO4271,V-006,Canada,NA,49.7,-93.21667,NA,NA,NA,data/AN1711171/V-006_sorted.bam,1.13005,161,"c(4.94065645841247e-324, 4.94065645841247e-324, 4.94065645841247e-324, 4.94065645841247e-324, 4.94065645841247e-324, 4.94065645841247e-324, 4.94065645841247e-324, 4.94065645841247e-324, 4.94065645841247e-324, 4.94065645841247e-324, 4.94065645841247e-324, 4.94065645841247e-324, 4.94065645841247e-324, 4.94065645841247e-324, 4.94065645841247e-324, 4.94065645841247e-324, 4.94065645841247e-324, 4.94065645841247e-324, 4.94065645841247e-324, 4.94065645841247e-324, 4.94065645841247e-324, 4.94065645841247e-324, 
4.94065645841247e-324, 4.94065645841247e-324, 4.94065645841247e-324, 4.94065645841247e-324, 4.94065645841247e-324, 4.94065645841247e-324, 4.94065645841247e-324, 4.94065645841247e-324, 4.94065645841247e-324, 4.94065645841247e-324, 4.94065645841247e-324, 4.94065645841247e-324, 4.94065645841247e-324, 4.94065645841247e-324, 4.94065645841247e-324, 4.94065645841247e-324, 4.94065645841247e-324, 4.94065645841247e-324, 4.94065645841247e-324, 4.94065645841247e-324, 4.94065645841247e-324, 4.94065645841247e-324, 
4.94065645841247e-324, 4.94065645841247e-324, 4.94065645841247e-324, 4.94065645841247e-324, 4.94065645841247e-324)"
29,AlexanderLake,Southcentral,Q2,0.9532221555709839,GW,AN1711171,J-042_R1_001.fastq.gz,400094,400094,J-042,Alaska,NA,59.492422,-139.156677,NA,NA,NA,data/AN1711171/J-042_sorted.bam,1.37676,30,"c(4.94065645841247e-324, 4.94065645841247e-324, 4.94065645841247e-324, 4.94065645841247e-324, 4.94065645841247e-324, 4.94065645841247e-324, 4.94065645841247e-324, 4.94065645841247e-324, 4.94065645841247e-324, 4.94065645841247e-324, 4.94065645841247e-324, 4.94065645841247e-324, 4.94065645841247e-324, 4.94065645841247e-324, 4.94065645841247e-324, 4.94065645841247e-324, 4.94065645841247e-324, 4.94065645841247e-324, 4.94065645841247e-324, 4.94065645841247e-324, 4.94065645841247e-324, 4.94065645841247e-324, 
4.94065645841247e-324, 4.94065645841247e-324, 4.94065645841247e-324, 4.94065645841247e-324, 4.94065645841247e-324, 4.94065645841247e-324, 4.94065645841247e-324, 4.94065645841247e-324, 4.94065645841247e-324, 4.94065645841247e-324, 4.94065645841247e-324, 4.94065645841247e-324, 4.94065645841247e-324, 4.94065645841247e-324, 4.94065645841247e-324, 4.94065645841247e-324, 4.94065645841247e-324, 4.94065645841247e-324, 4.94065645841247e-324, 4.94065645841247e-324, 4.94065645841247e-324, 4.94065645841247e-324, 
4.94065645841247e-324, 4.94065645841247e-324, 4.94065645841247e-324, 4.94065645841247e-324, 4.94065645841247e-324)"
34,AlexanderLake,Southcentral,Q2,0.9526661038398743,GW,AN1711171,J-049_R1_001.fastq.gz,400093,400093,J-049,Alaska,NA,59.492422,-139.156677,NA,NA,NA,data/AN1711171/J-049_sorted.bam,1.22662,35,"c(4.94065645841247e-324, 4.94065645841247e-324, 4.94065645841247e-324, 4.94065645841247e-324, 4.94065645841247e-324, 4.94065645841247e-324, 4.94065645841247e-324, 4.94065645841247e-324, 4.94065645841247e-324, 4.94065645841247e-324, 4.94065645841247e-324, 4.94065645841247e-324, 4.94065645841247e-324, 4.94065645841247e-324, 4.94065645841247e-324, 4.94065645841247e-324, 4.94065645841247e-324, 4.94065645841247e-324, 4.94065645841247e-324, 4.94065645841247e-324, 4.94065645841247e-324, 4.94065645841247e-324, 
4.94065645841247e-324, 4.94065645841247e-324, 4.94065645841247e-324, 4.94065645841247e-324, 4.94065645841247e-324, 4.94065645841247e-324, 4.94065645841247e-324, 4.94065645841247e-324, 4.94065645841247e-324, 4.94065645841247e-324, 4.94065645841247e-324, 4.94065645841247e-324, 4.94065645841247e-324, 4.94065645841247e-324, 4.94065645841247e-324, 4.94065645841247e-324, 4.94065645841247e-324, 4.94065645841247e-324, 4.94065645841247e-324, 4.94065645841247e-324, 4.94065645841247e-324, 4.94065645841247e-324, 
4.94065645841247e-324, 4.94065645841247e-324, 4.94065645841247e-324, 4.94065645841247e-324, 4.94065645841247e-324)"
38,AlexanderLake,Southcentral,Q2,0.9502862691879272,GW,AN1711171,O-004_R1_001.fastq.gz,166,166,O-004,Alaska,NA,61.620425,-149.338466,NA,NA,NA,data/AN1711171/O-004_sorted.bam,1.09837,39,"c(4.94065645841247e-324, 4.94065645841247e-324, 4.94065645841247e-324, 4.94065645841247e-324, 4.94065645841247e-324, 4.94065645841247e-324, 4.94065645841247e-324, 4.94065645841247e-324, 4.94065645841247e-324, 4.94065645841247e-324, 4.94065645841247e-324, 4.94065645841247e-324, 4.94065645841247e-324, 4.94065645841247e-324, 4.94065645841247e-324, 4.94065645841247e-324, 4.94065645841247e-324, 4.94065645841247e-324, 4.94065645841247e-324, 4.94065645841247e-324, 4.94065645841247e-324, 4.94065645841247e-324, 
4.94065645841247e-324, 4.94065645841247e-324, 4.94065645841247e-324, 4.94065645841247e-324, 4.94065645841247e-324, 4.94065645841247e-324, 4.94065645841247e-324, 4.94065645841247e-324, 4.94065645841247e-324, 4.94065645841247e-324, 4.94065645841247e-324, 4.94065645841247e-324, 4.94065645841247e-324, 4.94065645841247e-324, 4.94065645841247e-324, 4.94065645841247e-324, 4.94065645841247e-324, 4.94065645841247e-324, 4.94065645841247e-324, 4.94065645841247e-324, 4.94065645841247e-324, 4.94065645841247e-324, 
4.94065645841247e-324, 4.94065645841247e-324, 4.94065645841247e-324, 4.94065645841247e-324, 4.94065645841247e-324)"
42,AlexanderLake,Southcentral,Q2,0.9557234644889832,GW,AN1711171,O-009_R1_001.fastq.gz,181,181,O-009,Alaska,NA,61.620425,-149.338466,NA,NA,NA,data/AN1711171/O-009_sorted.bam,1.40415,43,"c(4.94065645841247e-324, 4.94065645841247e-324, 4.94065645841247e-324, 4.94065645841247e-324, 4.94065645841247e-324, 4.94065645841247e-324, 4.94065645841247e-324, 4.94065645841247e-324, 4.94065645841247e-324, 4.94065645841247e-324, 4.94065645841247e-324, 4.94065645841247e-324, 4.94065645841247e-324, 4.94065645841247e-324, 4.94065645841247e-324, 4.94065645841247e-324, 4.94065645841247e-324, 4.94065645841247e-324, 4.94065645841247e-324, 4.94065645841247e-324, 4.94065645841247e-324, 4.94065645841247e-324, 
4.94065645841247e-324, 4.94065645841247e-324, 4.94065645841247e-324, 4.94065645841247e-324, 4.94065645841247e-324, 4.94065645841247e-324, 4.94065645841247e-324, 4.94065645841247e-324, 4.94065645841247e-324, 4.94065645841247e-324, 4.94065645841247e-324, 4.94065645841247e-324, 4.94065645841247e-324, 4.94065645841247e-324, 4.94065645841247e-324, 4.94065645841247e-324, 4.94065645841247e-324, 4.94065645841247e-324, 4.94065645841247e-324, 4.94065645841247e-324, 4.94065645841247e-324, 4.94065645841247e-324, 
4.94065645841247e-324, 4.94065645841247e-324, 4.94065645841247e-324, 4.94065645841247e-324, 4.94065645841247e-324)"
273,TinyLake,Southcentral,Q4,0.9562698602676392,GW,BK1703222,I-005_S180_R1_001.fastq.gz,AL2016-1104,402907,I-005_S180,Alaska,NA,60.773717,-151.052584,NA,NA,NA,data/BK1703222/I-005_S180_sorted.bam,1.11035,276,"c(4.94065645841247e-324, 4.94065645841247e-324, 4.94065645841247e-324, 4.94065645841247e-324, 4.94065645841247e-324, 4.94065645841247e-324, 4.94065645841247e-324, 4.94065645841247e-324, 4.94065645841247e-324, 4.94065645841247e-324, 4.94065645841247e-324, 4.94065645841247e-324, 4.94065645841247e-324, 4.94065645841247e-324, 4.94065645841247e-324, 4.94065645841247e-324, 4.94065645841247e-324, 4.94065645841247e-324, 4.94065645841247e-324, 4.94065645841247e-324, 4.94065645841247e-324, 4.94065645841247e-324, 
4.94065645841247e-324, 4.94065645841247e-324, 4.94065645841247e-324, 4.94065645841247e-324, 4.94065645841247e-324, 4.94065645841247e-324, 4.94065645841247e-324, 4.94065645841247e-324, 4.94065645841247e-324, 4.94065645841247e-324, 4.94065645841247e-324, 4.94065645841247e-324, 4.94065645841247e-324, 4.94065645841247e-324, 4.94065645841247e-324, 4.94065645841247e-324, 4.94065645841247e-324, 4.94065645841247e-324, 4.94065645841247e-324, 4.94065645841247e-324, 4.94065645841247e-324, 4.94065645841247e-324, 
4.94065645841247e-324, 4.94065645841247e-324, 4.94065645841247e-324, 4.94065645841247e-324, 4.94065645841247e-324)"
274,TinyLake,Southcentral,Q4,0.9707859754562378,GW,BK1703222,I-008_S183_R1_001.fastq.gz,AL2016-1116,402919,I-008_S183,Alaska,NA,60.773717,-151.052584,NA,NA,NA,data/BK1703222/I-008_S183_sorted.bam,1.16313,278,"c(4.94065645841247e-324, 4.94065645841247e-324, 4.94065645841247e-324, 4.94065645841247e-324, 4.94065645841247e-324, 4.94065645841247e-324, 4.94065645841247e-324, 4.94065645841247e-324, 4.94065645841247e-324, 4.94065645841247e-324, 4.94065645841247e-324, 4.94065645841247e-324, 4.94065645841247e-324, 4.94065645841247e-324, 4.94065645841247e-324, 4.94065645841247e-324, 4.94065645841247e-324, 4.94065645841247e-324, 4.94065645841247e-324, 4.94065645841247e-324, 4.94065645841247e-324, 4.94065645841247e-324, 
4.94065645841247e-324, 4.94065645841247e-324, 4.94065645841247e-324, 4.94065645841247e-324, 4.94065645841247e-324, 4.94065645841247e-324, 4.94065645841247e-324, 4.94065645841247e-324, 4.94065645841247e-324, 4.94065645841247e-324, 4.94065645841247e-324, 4.94065645841247e-324, 4.94065645841247e-324, 4.94065645841247e-324, 4.94065645841247e-324, 4.94065645841247e-324, 4.94065645841247e-324, 4.94065645841247e-324, 4.94065645841247e-324, 4.94065645841247e-324, 4.94065645841247e-324, 4.94065645841247e-324, 
4.94065645841247e-324, 4.94065645841247e-324, 4.94065645841247e-324, 4.94065645841247e-324, 4.94065645841247e-324)"
275,TinyLake,Southcentral,Q4,0.9682361483573914,GW,BK1703222,I-009_S184_R1_001.fastq.gz,AL2016-1119,402922,I-009_S184,Alaska,NA,60.773717,-151.052584,NA,NA,NA,data/BK1703222/I-009_S184_sorted.bam,1.22074,279,"c(4.94065645841247e-324, 4.94065645841247e-324, 4.94065645841247e-324, 4.94065645841247e-324, 4.94065645841247e-324, 4.94065645841247e-324, 4.94065645841247e-324, 4.94065645841247e-324, 4.94065645841247e-324, 4.94065645841247e-324, 4.94065645841247e-324, 4.94065645841247e-324, 4.94065645841247e-324, 4.94065645841247e-324, 4.94065645841247e-324, 4.94065645841247e-324, 4.94065645841247e-324, 4.94065645841247e-324, 4.94065645841247e-324, 4.94065645841247e-324, 4.94065645841247e-324, 4.94065645841247e-324, 
4.94065645841247e-324, 4.94065645841247e-324, 4.94065645841247e-324, 4.94065645841247e-324, 4.94065645841247e-324, 4.94065645841247e-324, 4.94065645841247e-324, 4.94065645841247e-324, 4.94065645841247e-324, 4.94065645841247e-324, 4.94065645841247e-324, 4.94065645841247e-324, 4.94065645841247e-324, 4.94065645841247e-324, 4.94065645841247e-324, 4.94065645841247e-324, 4.94065645841247e-324, 4.94065645841247e-324, 4.94065645841247e-324, 4.94065645841247e-324, 4.94065645841247e-324, 4.94065645841247e-324, 
4.94065645841247e-324, 4.94065645841247e-324, 4.94065645841247e-324, 4.94065645841247e-324, 4.94065645841247e-324)"
276,TinyLake,Southcentral,Q4,0.9688683152198792,GW,BK1703222,I-010_S185_R1_001.fastq.gz,AL2016-1120,402923,I-010_S185,Alaska,NA,60.773717,-151.052584,NA,NA,NA,data/BK1703222/I-010_S185_sorted.bam,1.15579,280,"c(4.94065645841247e-324, 4.94065645841247e-324, 4.94065645841247e-324, 4.94065645841247e-324, 4.94065645841247e-324, 4.94065645841247e-324, 4.94065645841247e-324, 4.94065645841247e-324, 4.94065645841247e-324, 4.94065645841247e-324, 4.94065645841247e-324, 4.94065645841247e-324, 4.94065645841247e-324, 4.94065645841247e-324, 4.94065645841247e-324, 4.94065645841247e-324, 4.94065645841247e-324, 4.94065645841247e-324, 4.94065645841247e-324, 4.94065645841247e-324, 4.94065645841247e-324, 4.94065645841247e-324, 
4.94065645841247e-324, 4.94065645841247e-324, 4.94065645841247e-324, 4.94065645841247e-324, 4.94065645841247e-324, 4.94065645841247e-324, 4.94065645841247e-324, 4.94065645841247e-324, 4.94065645841247e-324, 4.94065645841247e-324, 4.94065645841247e-324, 4.94065645841247e-324, 4.94065645841247e-324, 4.94065645841247e-324, 4.94065645841247e-324, 4.94065645841247e-324, 4.94065645841247e-324, 4.94065645841247e-324, 4.94065645841247e-324, 4.94065645841247e-324, 4.94065645841247e-324, 4.94065645841247e-324, 
4.94065645841247e-324, 4.94065645841247e-324, 4.94065645841247e-324, 4.94065645841247e-324, 4.94065645841247e-324)"
277,TinyLake,Southcentral,Q4,0.9531640410423279,GW,BK1703222,I-011_S186_R1_001.fastq.gz,AL2016-1121,402924,I-011_S186,Alaska,NA,60.773717,-151.052584,NA,NA,NA,data/BK1703222/I-011_S186_sorted.bam,1.08243,281,"c(4.94065645841247e-324, 4.94065645841247e-324, 4.94065645841247e-324, 4.94065645841247e-324, 4.94065645841247e-324, 4.94065645841247e-324, 4.94065645841247e-324, 4.94065645841247e-324, 4.94065645841247e-324, 4.94065645841247e-324, 4.94065645841247e-324, 4.94065645841247e-324, 4.94065645841247e-324, 4.94065645841247e-324, 4.94065645841247e-324, 4.94065645841247e-324, 4.94065645841247e-324, 4.94065645841247e-324, 4.94065645841247e-324, 4.94065645841247e-324, 4.94065645841247e-324, 4.94065645841247e-324, 
4.94065645841247e-324, 4.94065645841247e-324, 4.94065645841247e-324, 4.94065645841247e-324, 4.94065645841247e-324, 4.94065645841247e-324, 4.94065645841247e-324, 4.94065645841247e-324, 4.94065645841247e-324, 4.94065645841247e-324, 4.94065645841247e-324, 4.94065645841247e-324, 4.94065645841247e-324, 4.94065645841247e-324, 4.94065645841247e-324, 4.94065645841247e-324, 4.94065645841247e-324, 4.94065645841247e-324, 4.94065645841247e-324, 4.94065645841247e-324, 4.94065645841247e-324, 4.94065645841247e-324, 
4.94065645841247e-324, 4.94065645841247e-324, 4.94065645841247e-324, 4.94065645841247e-324, 4.94065645841247e-324)"
278,TinyLake,Southcentral,Q4,0.9513117671012878,GW,BK1703222,I-012_S187_R1_001.fastq.gz,AL2016-1123,402926,I-012_S187,Alaska,NA,60.773717,-151.052584,NA,NA,NA,data/BK1703222/I-012_S187_sorted.bam,1.21744,282,"c(4.94065645841247e-324, 4.94065645841247e-324, 4.94065645841247e-324, 4.94065645841247e-324, 4.94065645841247e-324, 4.94065645841247e-324, 4.94065645841247e-324, 4.94065645841247e-324, 4.94065645841247e-324, 4.94065645841247e-324, 4.94065645841247e-324, 4.94065645841247e-324, 4.94065645841247e-324, 4.94065645841247e-324, 4.94065645841247e-324, 4.94065645841247e-324, 4.94065645841247e-324, 4.94065645841247e-324, 4.94065645841247e-324, 4.94065645841247e-324, 4.94065645841247e-324, 4.94065645841247e-324, 
4.94065645841247e-324, 4.94065645841247e-324, 4.94065645841247e-324, 4.94065645841247e-324, 4.94065645841247e-324, 4.94065645841247e-324, 4.94065645841247e-324, 4.94065645841247e-324, 4.94065645841247e-324, 4.94065645841247e-324, 4.94065645841247e-324, 4.94065645841247e-324, 4.94065645841247e-324, 4.94065645841247e-324, 4.94065645841247e-324, 4.94065645841247e-324, 4.94065645841247e-324, 4.94065645841247e-324, 4.94065645841247e-324, 4.94065645841247e-324, 4.94065645841247e-324, 4.94065645841247e-324, 
4.94065645841247e-324, 4.94065645841247e-324, 4.94065645841247e-324, 4.94065645841247e-324, 4.94065645841247e-324)"
279,TinyLake,Southcentral,Q4,0.9696410894393921,GW,BK1703222,I-013_S188_R1_001.fastq.gz,AL2016-1124,402927,I-013_S188,Alaska,NA,60.773717,-151.052584,NA,NA,NA,data/BK1703222/I-013_S188_sorted.bam,1.14359,283,"c(4.94065645841247e-324, 4.94065645841247e-324, 4.94065645841247e-324, 4.94065645841247e-324, 4.94065645841247e-324, 4.94065645841247e-324, 4.94065645841247e-324, 4.94065645841247e-324, 4.94065645841247e-324, 4.94065645841247e-324, 4.94065645841247e-324, 4.94065645841247e-324, 4.94065645841247e-324, 4.94065645841247e-324, 4.94065645841247e-324, 4.94065645841247e-324, 4.94065645841247e-324, 4.94065645841247e-324, 4.94065645841247e-324, 4.94065645841247e-324, 4.94065645841247e-324, 4.94065645841247e-324, 
4.94065645841247e-324, 4.94065645841247e-324, 4.94065645841247e-324, 4.94065645841247e-324, 4.94065645841247e-324, 4.94065645841247e-324, 4.94065645841247e-324, 4.94065645841247e-324, 4.94065645841247e-324, 4.94065645841247e-324, 4.94065645841247e-324, 4.94065645841247e-324, 4.94065645841247e-324, 4.94065645841247e-324, 4.94065645841247e-324, 4.94065645841247e-324, 4.94065645841247e-324, 4.94065645841247e-324, 4.94065645841247e-324, 4.94065645841247e-324, 4.94065645841247e-324, 4.94065645841247e-324, 
4.94065645841247e-324, 4.94065645841247e-324, 4.94065645841247e-324, 4.94065645841247e-324, 4.94065645841247e-324)"
280,TinyLake,Southcentral,Q4,0.9533401131629944,GW,BK1703222,I-014_S189_R1_001.fastq.gz,AL2016-1126,402929,I-014_S189,Alaska,NA,60.773717,-151.052584,NA,NA,NA,data/BK1703222/I-014_S189_sorted.bam,1.23304,284,"c(4.94065645841247e-324, 4.94065645841247e-324, 4.94065645841247e-324, 4.94065645841247e-324, 4.94065645841247e-324, 4.94065645841247e-324, 4.94065645841247e-324, 4.94065645841247e-324, 4.94065645841247e-324, 4.94065645841247e-324, 4.94065645841247e-324, 4.94065645841247e-324, 4.94065645841247e-324, 4.94065645841247e-324, 4.94065645841247e-324, 4.94065645841247e-324, 4.94065645841247e-324, 4.94065645841247e-324, 4.94065645841247e-324, 4.94065645841247e-324, 4.94065645841247e-324, 4.94065645841247e-324, 
4.94065645841247e-324, 4.94065645841247e-324, 4.94065645841247e-324, 4.94065645841247e-324, 4.94065645841247e-324, 4.94065645841247e-324, 4.94065645841247e-324, 4.94065645841247e-324, 4.94065645841247e-324, 4.94065645841247e-324, 4.94065645841247e-324, 4.94065645841247e-324, 4.94065645841247e-324, 4.94065645841247e-324, 4.94065645841247e-324, 4.94065645841247e-324, 4.94065645841247e-324, 4.94065645841247e-324, 4.94065645841247e-324, 4.94065645841247e-324, 4.94065645841247e-324, 4.94065645841247e-324, 
4.94065645841247e-324, 4.94065645841247e-324, 4.94065645841247e-324, 4.94065645841247e-324, 4.94065645841247e-324)"
69,AntlinRiver,Southeast,Q10,0.9937671422958374,GW,AN1711171,Q-007_R1_001.fastq.gz,402153,402153,Q-007,Alaska,NA,65.157778,-149.37,NA,NA,NA,data/AN1711171/Q-007_sorted.bam,1.51628,70,"c(4.94065645841247e-324, 4.94065645841247e-324, 4.94065645841247e-324, 4.94065645841247e-324, 4.94065645841247e-324, 4.94065645841247e-324, 4.94065645841247e-324, 4.94065645841247e-324, 4.94065645841247e-324, 4.94065645841247e-324, 4.94065645841247e-324, 4.94065645841247e-324, 4.94065645841247e-324, 4.94065645841247e-324, 4.94065645841247e-324, 4.94065645841247e-324, 4.94065645841247e-324, 4.94065645841247e-324, 4.94065645841247e-324, 4.94065645841247e-324, 4.94065645841247e-324, 4.94065645841247e-324, 
4.94065645841247e-324, 4.94065645841247e-324, 4.94065645841247e-324, 4.94065645841247e-324, 4.94065645841247e-324, 4.94065645841247e-324, 4.94065645841247e-324, 4.94065645841247e-324, 4.94065645841247e-324, 4.94065645841247e-324, 4.94065645841247e-324, 4.94065645841247e-324, 4.94065645841247e-324, 4.94065645841247e-324, 4.94065645841247e-324, 4.94065645841247e-324, 4.94065645841247e-324, 4.94065645841247e-324, 4.94065645841247e-324, 4.94065645841247e-324, 4.94065645841247e-324, 4.94065645841247e-324, 
4.94065645841247e-324, 4.94065645841247e-324, 4.94065645841247e-324, 4.94065645841247e-324, 4.94065645841247e-324)"
70,AntlinRiver,Southeast,Q10,0.9696348309516907,GW,AN1711171,Q-009_R1_001.fastq.gz,402155,402155,Q-009,Alaska,NA,65.157778,-149.37,NA,NA,NA,data/AN1711171/Q-009_sorted.bam,1.28641,71,"c(4.94065645841247e-324, 4.94065645841247e-324, 4.94065645841247e-324, 4.94065645841247e-324, 4.94065645841247e-324, 4.94065645841247e-324, 4.94065645841247e-324, 4.94065645841247e-324, 4.94065645841247e-324, 4.94065645841247e-324, 4.94065645841247e-324, 4.94065645841247e-324, 4.94065645841247e-324, 4.94065645841247e-324, 4.94065645841247e-324, 4.94065645841247e-324, 4.94065645841247e-324, 4.94065645841247e-324, 4.94065645841247e-324, 4.94065645841247e-324, 4.94065645841247e-324, 4.94065645841247e-324, 
4.94065645841247e-324, 4.94065645841247e-324, 4.94065645841247e-324, 4.94065645841247e-324, 4.94065645841247e-324, 4.94065645841247e-324, 4.94065645841247e-324, 4.94065645841247e-324, 4.94065645841247e-324, 4.94065645841247e-324, 4.94065645841247e-324, 4.94065645841247e-324, 4.94065645841247e-324, 4.94065645841247e-324, 4.94065645841247e-324, 4.94065645841247e-324, 4.94065645841247e-324, 4.94065645841247e-324, 4.94065645841247e-324, 4.94065645841247e-324, 4.94065645841247e-324, 4.94065645841247e-324, 
4.94065645841247e-324, 4.94065645841247e-324, 4.94065645841247e-324, 4.94065645841247e-324, 4.94065645841247e-324)"
71,AntlinRiver,Southeast,Q10,0.9507038593292236,GW,AN1711171,Q-010_R1_001.fastq.gz,402156,402156,Q-010,Alaska,NA,65.157778,-149.37,NA,NA,NA,data/AN1711171/Q-010_sorted.bam,1.12671,72,"c(4.94065645841247e-324, 4.94065645841247e-324, 4.94065645841247e-324, 4.94065645841247e-324, 4.94065645841247e-324, 4.94065645841247e-324, 4.94065645841247e-324, 4.94065645841247e-324, 4.94065645841247e-324, 4.94065645841247e-324, 4.94065645841247e-324, 4.94065645841247e-324, 4.94065645841247e-324, 4.94065645841247e-324, 4.94065645841247e-324, 4.94065645841247e-324, 4.94065645841247e-324, 4.94065645841247e-324, 4.94065645841247e-324, 4.94065645841247e-324, 4.94065645841247e-324, 4.94065645841247e-324, 
4.94065645841247e-324, 4.94065645841247e-324, 4.94065645841247e-324, 4.94065645841247e-324, 4.94065645841247e-324, 4.94065645841247e-324, 4.94065645841247e-324, 4.94065645841247e-324, 4.94065645841247e-324, 4.94065645841247e-324, 4.94065645841247e-324, 4.94065645841247e-324, 4.94065645841247e-324, 4.94065645841247e-324, 4.94065645841247e-324, 4.94065645841247e-324, 4.94065645841247e-324, 4.94065645841247e-324, 4.94065645841247e-324, 4.94065645841247e-324, 4.94065645841247e-324, 4.94065645841247e-324, 
4.94065645841247e-324, 4.94065645841247e-324, 4.94065645841247e-324, 4.94065645841247e-324, 4.94065645841247e-324)"
72,AntlinRiver,Southeast,Q10,0.9685396552085876,GW,AN1711171,Q-011_R1_001.fastq.gz,402157,402157,Q-011,Alaska,NA,65.157778,-149.37,NA,NA,NA,data/AN1711171/Q-011_sorted.bam,1.22725,73,"c(4.94065645841247e-324, 4.94065645841247e-324, 4.94065645841247e-324, 4.94065645841247e-324, 4.94065645841247e-324, 4.94065645841247e-324, 4.94065645841247e-324, 4.94065645841247e-324, 4.94065645841247e-324, 4.94065645841247e-324, 4.94065645841247e-324, 4.94065645841247e-324, 4.94065645841247e-324, 4.94065645841247e-324, 4.94065645841247e-324, 4.94065645841247e-324, 4.94065645841247e-324, 4.94065645841247e-324, 4.94065645841247e-324, 4.94065645841247e-324, 4.94065645841247e-324, 4.94065645841247e-324, 
4.94065645841247e-324, 4.94065645841247e-324, 4.94065645841247e-324, 4.94065645841247e-324, 4.94065645841247e-324, 4.94065645841247e-324, 4.94065645841247e-324, 4.94065645841247e-324, 4.94065645841247e-324, 4.94065645841247e-324, 4.94065645841247e-324, 4.94065645841247e-324, 4.94065645841247e-324, 4.94065645841247e-324, 4.94065645841247e-324, 4.94065645841247e-324, 4.94065645841247e-324, 4.94065645841247e-324, 4.94065645841247e-324, 4.94065645841247e-324, 4.94065645841247e-324, 4.94065645841247e-324, 
4.94065645841247e-324, 4.94065645841247e-324, 4.94065645841247e-324, 4.94065645841247e-324, 4.94065645841247e-324)"
73,AntlinRiver,Southeast,Q10,0.9865204691886902,GW,AN1711171,Q-017_R1_001.fastq.gz,402163,402163,Q-017,Alaska,NA,65.157778,-149.37,NA,NA,NA,data/AN1711171/Q-017_sorted.bam,1.45478,74,"c(4.94065645841247e-324, 4.94065645841247e-324, 4.94065645841247e-324, 4.94065645841247e-324, 4.94065645841247e-324, 4.94065645841247e-324, 4.94065645841247e-324, 4.94065645841247e-324, 4.94065645841247e-324, 4.94065645841247e-324, 4.94065645841247e-324, 4.94065645841247e-324, 4.94065645841247e-324, 4.94065645841247e-324, 4.94065645841247e-324, 4.94065645841247e-324, 4.94065645841247e-324, 4.94065645841247e-324, 4.94065645841247e-324, 4.94065645841247e-324, 4.94065645841247e-324, 4.94065645841247e-324, 
4.94065645841247e-324, 4.94065645841247e-324, 4.94065645841247e-324, 4.94065645841247e-324, 4.94065645841247e-324, 4.94065645841247e-324, 4.94065645841247e-324, 4.94065645841247e-324, 4.94065645841247e-324, 4.94065645841247e-324, 4.94065645841247e-324, 4.94065645841247e-324, 4.94065645841247e-324, 4.94065645841247e-324, 4.94065645841247e-324, 4.94065645841247e-324, 4.94065645841247e-324, 4.94065645841247e-324, 4.94065645841247e-324, 4.94065645841247e-324, 4.94065645841247e-324, 4.94065645841247e-324, 
4.94065645841247e-324, 4.94065645841247e-324, 4.94065645841247e-324, 4.94065645841247e-324, 4.94065645841247e-324)"
74,AntlinRiver,Southeast,Q10,0.9800149202346802,GW,AN1711171,Q-018_R1_001.fastq.gz,402164,402164,Q-018,Alaska,NA,65.157778,-149.37,NA,NA,NA,data/AN1711171/Q-018_sorted.bam,1.38815,75,"c(4.94065645841247e-324, 4.94065645841247e-324, 4.94065645841247e-324, 4.94065645841247e-324, 4.94065645841247e-324, 4.94065645841247e-324, 4.94065645841247e-324, 4.94065645841247e-324, 4.94065645841247e-324, 4.94065645841247e-324, 4.94065645841247e-324, 4.94065645841247e-324, 4.94065645841247e-324, 4.94065645841247e-324, 4.94065645841247e-324, 4.94065645841247e-324, 4.94065645841247e-324, 4.94065645841247e-324, 4.94065645841247e-324, 4.94065645841247e-324, 4.94065645841247e-324, 4.94065645841247e-324, 
4.94065645841247e-324, 4.94065645841247e-324, 4.94065645841247e-324, 4.94065645841247e-324, 4.94065645841247e-324, 4.94065645841247e-324, 4.94065645841247e-324, 4.94065645841247e-324, 4.94065645841247e-324, 4.94065645841247e-324, 4.94065645841247e-324, 4.94065645841247e-324, 4.94065645841247e-324, 4.94065645841247e-324, 4.94065645841247e-324, 4.94065645841247e-324, 4.94065645841247e-324, 4.94065645841247e-324, 4.94065645841247e-324, 4.94065645841247e-324, 4.94065645841247e-324, 4.94065645841247e-324, 
4.94065645841247e-324, 4.94065645841247e-324, 4.94065645841247e-324, 4.94065645841247e-324, 4.94065645841247e-324)"
75,AntlinRiver,Southeast,Q10,0.9794794917106628,GW,AN1711171,Q-019_R1_001.fastq.gz,402165,402165,Q-019,Alaska,NA,65.157778,-149.37,NA,NA,NA,data/AN1711171/Q-019_sorted.bam,1.22461,76,"c(4.94065645841247e-324, 4.94065645841247e-324, 4.94065645841247e-324, 4.94065645841247e-324, 4.94065645841247e-324, 4.94065645841247e-324, 4.94065645841247e-324, 4.94065645841247e-324, 4.94065645841247e-324, 4.94065645841247e-324, 4.94065645841247e-324, 4.94065645841247e-324, 4.94065645841247e-324, 4.94065645841247e-324, 4.94065645841247e-324, 4.94065645841247e-324, 4.94065645841247e-324, 4.94065645841247e-324, 4.94065645841247e-324, 4.94065645841247e-324, 4.94065645841247e-324, 4.94065645841247e-324, 
4.94065645841247e-324, 4.94065645841247e-324, 4.94065645841247e-324, 4.94065645841247e-324, 4.94065645841247e-324, 4.94065645841247e-324, 4.94065645841247e-324, 4.94065645841247e-324, 4.94065645841247e-324, 4.94065645841247e-324, 4.94065645841247e-324, 4.94065645841247e-324, 4.94065645841247e-324, 4.94065645841247e-324, 4.94065645841247e-324, 4.94065645841247e-324, 4.94065645841247e-324, 4.94065645841247e-324, 4.94065645841247e-324, 4.94065645841247e-324, 4.94065645841247e-324, 4.94065645841247e-324, 
4.94065645841247e-324, 4.94065645841247e-324, 4.94065645841247e-324, 4.94065645841247e-324, 4.94065645841247e-324)"
76,AntlinRiver,Southeast,Q10,0.9617680907249451,GW,AN1711171,Q-020_R1_001.fastq.gz,402166,402166,Q-020,Alaska,NA,65.157778,-149.37,NA,NA,NA,data/AN1711171/Q-020_sorted.bam,1.21205,77,"c(4.94065645841247e-324, 4.94065645841247e-324, 4.94065645841247e-324, 4.94065645841247e-324, 4.94065645841247e-324, 4.94065645841247e-324, 4.94065645841247e-324, 4.94065645841247e-324, 4.94065645841247e-324, 4.94065645841247e-324, 4.94065645841247e-324, 4.94065645841247e-324, 4.94065645841247e-324, 4.94065645841247e-324, 4.94065645841247e-324, 4.94065645841247e-324, 4.94065645841247e-324, 4.94065645841247e-324, 4.94065645841247e-324, 4.94065645841247e-324, 4.94065645841247e-324, 4.94065645841247e-324, 
4.94065645841247e-324, 4.94065645841247e-324, 4.94065645841247e-324, 4.94065645841247e-324, 4.94065645841247e-324, 4.94065645841247e-324, 4.94065645841247e-324, 4.94065645841247e-324, 4.94065645841247e-324, 4.94065645841247e-324, 4.94065645841247e-324, 4.94065645841247e-324, 4.94065645841247e-324, 4.94065645841247e-324, 4.94065645841247e-324, 4.94065645841247e-324, 4.94065645841247e-324, 4.94065645841247e-324, 4.94065645841247e-324, 4.94065645841247e-324, 4.94065645841247e-324, 4.94065645841247e-324, 
4.94065645841247e-324, 4.94065645841247e-324, 4.94065645841247e-324, 4.94065645841247e-324, 4.94065645841247e-324)"
77,AntlinRiver,Southeast,Q10,0.9782168865203857,GW,AN1711171,Q-021_R1_001.fastq.gz,402167,402167,Q-021,Alaska,NA,65.157778,-149.37,NA,NA,NA,data/AN1711171/Q-021_sorted.bam,1.20026,78,"c(4.94065645841247e-324, 4.94065645841247e-324, 4.94065645841247e-324, 4.94065645841247e-324, 4.94065645841247e-324, 4.94065645841247e-324, 4.94065645841247e-324, 4.94065645841247e-324, 4.94065645841247e-324, 4.94065645841247e-324, 4.94065645841247e-324, 4.94065645841247e-324, 4.94065645841247e-324, 4.94065645841247e-324, 4.94065645841247e-324, 4.94065645841247e-324, 4.94065645841247e-324, 4.94065645841247e-324, 4.94065645841247e-324, 4.94065645841247e-324, 4.94065645841247e-324, 4.94065645841247e-324, 
4.94065645841247e-324, 4.94065645841247e-324, 4.94065645841247e-324, 4.94065645841247e-324, 4.94065645841247e-324, 4.94065645841247e-324, 4.94065645841247e-324, 4.94065645841247e-324, 4.94065645841247e-324, 4.94065645841247e-324, 4.94065645841247e-324, 4.94065645841247e-324, 4.94065645841247e-324, 4.94065645841247e-324, 4.94065645841247e-324, 4.94065645841247e-324, 4.94065645841247e-324, 4.94065645841247e-324, 4.94065645841247e-324, 4.94065645841247e-324, 4.94065645841247e-324, 4.94065645841247e-324, 
4.94065645841247e-324, 4.94065645841247e-324, 4.94065645841247e-324, 4.94065645841247e-324, 4.94065645841247e-324)"
78,AntlinRiver,Southeast,Q10,0.9810006022453308,GW,AN1711171,Q-022_R1_001.fastq.gz,402168,402168,Q-022,Alaska,NA,65.157778,-149.37,NA,NA,NA,data/AN1711171/Q-022_sorted.bam,1.20295,79,"c(4.94065645841247e-324, 4.94065645841247e-324, 4.94065645841247e-324, 4.94065645841247e-324, 4.94065645841247e-324, 4.94065645841247e-324, 4.94065645841247e-324, 4.94065645841247e-324, 4.94065645841247e-324, 4.94065645841247e-324, 4.94065645841247e-324, 4.94065645841247e-324, 4.94065645841247e-324, 4.94065645841247e-324, 4.94065645841247e-324, 4.94065645841247e-324, 4.94065645841247e-324, 4.94065645841247e-324, 4.94065645841247e-324, 4.94065645841247e-324, 4.94065645841247e-324, 4.94065645841247e-324, 
4.94065645841247e-324, 4.94065645841247e-324, 4.94065645841247e-324, 4.94065645841247e-324, 4.94065645841247e-324, 4.94065645841247e-324, 4.94065645841247e-324, 4.94065645841247e-324, 4.94065645841247e-324, 4.94065645841247e-324, 4.94065645841247e-324, 4.94065645841247e-324, 4.94065645841247e-324, 4.94065645841247e-324, 4.94065645841247e-324, 4.94065645841247e-324, 4.94065645841247e-324, 4.94065645841247e-324, 4.94065645841247e-324, 4.94065645841247e-324, 4.94065645841247e-324, 4.94065645841247e-324, 
4.94065645841247e-324, 4.94065645841247e-324, 4.94065645841247e-324, 4.94065645841247e-324, 4.94065645841247e-324)"
79,AntlinRiver,Southeast,Q10,0.9818339347839355,GW,AN1711171,Q-023_R1_001.fastq.gz,402169,402169,Q-023,Alaska,NA,65.157778,-149.37,NA,NA,NA,data/AN1711171/Q-023_sorted.bam,1.17434,80,"c(4.94065645841247e-324, 4.94065645841247e-324, 4.94065645841247e-324, 4.94065645841247e-324, 4.94065645841247e-324, 4.94065645841247e-324, 4.94065645841247e-324, 4.94065645841247e-324, 4.94065645841247e-324, 4.94065645841247e-324, 4.94065645841247e-324, 4.94065645841247e-324, 4.94065645841247e-324, 4.94065645841247e-324, 4.94065645841247e-324, 4.94065645841247e-324, 4.94065645841247e-324, 4.94065645841247e-324, 4.94065645841247e-324, 4.94065645841247e-324, 4.94065645841247e-324, 4.94065645841247e-324, 
4.94065645841247e-324, 4.94065645841247e-324, 4.94065645841247e-324, 4.94065645841247e-324, 4.94065645841247e-324, 4.94065645841247e-324, 4.94065645841247e-324, 4.94065645841247e-324, 4.94065645841247e-324, 4.94065645841247e-324, 4.94065645841247e-324, 4.94065645841247e-324, 4.94065645841247e-324, 4.94065645841247e-324, 4.94065645841247e-324, 4.94065645841247e-324, 4.94065645841247e-324, 4.94065645841247e-324, 4.94065645841247e-324, 4.94065645841247e-324, 4.94065645841247e-324, 4.94065645841247e-324, 
4.94065645841247e-324, 4.94065645841247e-324, 4.94065645841247e-324, 4.94065645841247e-324, 4.94065645841247e-324)"
80,AntlinRiver,Southeast,Q10,0.974185585975647,GW,AN1711171,Q-024_R1_001.fastq.gz,402170,402170,Q-024,Alaska,NA,65.157778,-149.37,NA,NA,NA,data/AN1711171/Q-024_sorted.bam,1.25643,81,"c(4.94065645841247e-324, 4.94065645841247e-324, 4.94065645841247e-324, 4.94065645841247e-324, 4.94065645841247e-324, 4.94065645841247e-324, 4.94065645841247e-324, 4.94065645841247e-324, 4.94065645841247e-324, 4.94065645841247e-324, 4.94065645841247e-324, 4.94065645841247e-324, 4.94065645841247e-324, 4.94065645841247e-324, 4.94065645841247e-324, 4.94065645841247e-324, 4.94065645841247e-324, 4.94065645841247e-324, 4.94065645841247e-324, 4.94065645841247e-324, 4.94065645841247e-324, 4.94065645841247e-324, 
4.94065645841247e-324, 4.94065645841247e-324, 4.94065645841247e-324, 4.94065645841247e-324, 4.94065645841247e-324, 4.94065645841247e-324, 4.94065645841247e-324, 4.94065645841247e-324, 4.94065645841247e-324, 4.94065645841247e-324, 4.94065645841247e-324, 4.94065645841247e-324, 4.94065645841247e-324, 4.94065645841247e-324, 4.94065645841247e-324, 4.94065645841247e-324, 4.94065645841247e-324, 4.94065645841247e-324, 4.94065645841247e-324, 4.94065645841247e-324, 4.94065645841247e-324, 4.94065645841247e-324, 
4.94065645841247e-324, 4.94065645841247e-324, 4.94065645841247e-324, 4.94065645841247e-324, 4.94065645841247e-324)"
81,AntlinRiver,Southeast,Q10,0.9668789505958557,GW,AN1711171,Q-025_R1_001.fastq.gz,402171,402171,Q-025,Alaska,NA,65.157778,-149.37,NA,NA,NA,data/AN1711171/Q-025_sorted.bam,1.28968,82,"c(4.94065645841247e-324, 4.94065645841247e-324, 4.94065645841247e-324, 4.94065645841247e-324, 4.94065645841247e-324, 4.94065645841247e-324, 4.94065645841247e-324, 4.94065645841247e-324, 4.94065645841247e-324, 4.94065645841247e-324, 4.94065645841247e-324, 4.94065645841247e-324, 4.94065645841247e-324, 4.94065645841247e-324, 4.94065645841247e-324, 4.94065645841247e-324, 4.94065645841247e-324, 4.94065645841247e-324, 4.94065645841247e-324, 4.94065645841247e-324, 4.94065645841247e-324, 4.94065645841247e-324, 
4.94065645841247e-324, 4.94065645841247e-324, 4.94065645841247e-324, 4.94065645841247e-324, 4.94065645841247e-324, 4.94065645841247e-324, 4.94065645841247e-324, 4.94065645841247e-324, 4.94065645841247e-324, 4.94065645841247e-324, 4.94065645841247e-324, 4.94065645841247e-324, 4.94065645841247e-324, 4.94065645841247e-324, 4.94065645841247e-324, 4.94065645841247e-324, 4.94065645841247e-324, 4.94065645841247e-324, 4.94065645841247e-324, 4.94065645841247e-324, 4.94065645841247e-324, 4.94065645841247e-324, 
4.94065645841247e-324, 4.94065645841247e-324, 4.94065645841247e-324, 4.94065645841247e-324, 4.94065645841247e-324)"
82,AntlinRiver,Southeast,Q10,0.972206711769104,GW,AN1711171,R-001_R1_001.fastq.gz,1,1,R-001,Alaska,NA,61.145748,-151.1266057,NA,NA,NA,data/AN1711171/R-001_sorted.bam,1.40454,83,"c(4.94065645841247e-324, 4.94065645841247e-324, 4.94065645841247e-324, 4.94065645841247e-324, 4.94065645841247e-324, 4.94065645841247e-324, 4.94065645841247e-324, 4.94065645841247e-324, 4.94065645841247e-324, 4.94065645841247e-324, 4.94065645841247e-324, 4.94065645841247e-324, 4.94065645841247e-324, 4.94065645841247e-324, 4.94065645841247e-324, 4.94065645841247e-324, 4.94065645841247e-324, 4.94065645841247e-324, 4.94065645841247e-324, 4.94065645841247e-324, 4.94065645841247e-324, 4.94065645841247e-324, 
4.94065645841247e-324, 4.94065645841247e-324, 4.94065645841247e-324, 4.94065645841247e-324, 4.94065645841247e-324, 4.94065645841247e-324, 4.94065645841247e-324, 4.94065645841247e-324, 4.94065645841247e-324, 4.94065645841247e-324, 4.94065645841247e-324, 4.94065645841247e-324, 4.94065645841247e-324, 4.94065645841247e-324, 4.94065645841247e-324, 4.94065645841247e-324, 4.94065645841247e-324, 4.94065645841247e-324, 4.94065645841247e-324, 4.94065645841247e-324, 4.94065645841247e-324, 4.94065645841247e-324, 
4.94065645841247e-324, 4.94065645841247e-324, 4.94065645841247e-324, 4.94065645841247e-324, 4.94065645841247e-324)"
83,AntlinRiver,Southeast,Q10,0.9718021154403687,GW,AN1711171,R-002_R1_001.fastq.gz,2,2,R-002,Alaska,NA,61.145748,-151.1266057,NA,NA,NA,data/AN1711171/R-002_sorted.bam,1.33371,84,"c(4.94065645841247e-324, 4.94065645841247e-324, 4.94065645841247e-324, 4.94065645841247e-324, 4.94065645841247e-324, 4.94065645841247e-324, 4.94065645841247e-324, 4.94065645841247e-324, 4.94065645841247e-324, 4.94065645841247e-324, 4.94065645841247e-324, 4.94065645841247e-324, 4.94065645841247e-324, 4.94065645841247e-324, 4.94065645841247e-324, 4.94065645841247e-324, 4.94065645841247e-324, 4.94065645841247e-324, 4.94065645841247e-324, 4.94065645841247e-324, 4.94065645841247e-324, 4.94065645841247e-324, 
4.94065645841247e-324, 4.94065645841247e-324, 4.94065645841247e-324, 4.94065645841247e-324, 4.94065645841247e-324, 4.94065645841247e-324, 4.94065645841247e-324, 4.94065645841247e-324, 4.94065645841247e-324, 4.94065645841247e-324, 4.94065645841247e-324, 4.94065645841247e-324, 4.94065645841247e-324, 4.94065645841247e-324, 4.94065645841247e-324, 4.94065645841247e-324, 4.94065645841247e-324, 4.94065645841247e-324, 4.94065645841247e-324, 4.94065645841247e-324, 4.94065645841247e-324, 4.94065645841247e-324, 
4.94065645841247e-324, 4.94065645841247e-324, 4.94065645841247e-324, 4.94065645841247e-324, 4.94065645841247e-324)"
84,AntlinRiver,Southeast,Q10,0.9767596125602722,GW,AN1711171,R-003_R1_001.fastq.gz,3,3,R-003,Alaska,NA,61.145748,-151.1266057,NA,NA,NA,data/AN1711171/R-003_sorted.bam,1.1125,85,"c(4.94065645841247e-324, 4.94065645841247e-324, 4.94065645841247e-324, 4.94065645841247e-324, 4.94065645841247e-324, 4.94065645841247e-324, 4.94065645841247e-324, 4.94065645841247e-324, 4.94065645841247e-324, 4.94065645841247e-324, 4.94065645841247e-324, 4.94065645841247e-324, 4.94065645841247e-324, 4.94065645841247e-324, 4.94065645841247e-324, 4.94065645841247e-324, 4.94065645841247e-324, 4.94065645841247e-324, 4.94065645841247e-324, 4.94065645841247e-324, 4.94065645841247e-324, 4.94065645841247e-324, 
4.94065645841247e-324, 4.94065645841247e-324, 4.94065645841247e-324, 4.94065645841247e-324, 4.94065645841247e-324, 4.94065645841247e-324, 4.94065645841247e-324, 4.94065645841247e-324, 4.94065645841247e-324, 4.94065645841247e-324, 4.94065645841247e-324, 4.94065645841247e-324, 4.94065645841247e-324, 4.94065645841247e-324, 4.94065645841247e-324, 4.94065645841247e-324, 4.94065645841247e-324, 4.94065645841247e-324, 4.94065645841247e-324, 4.94065645841247e-324, 4.94065645841247e-324, 4.94065645841247e-324, 
4.94065645841247e-324, 4.94065645841247e-324, 4.94065645841247e-324, 4.94065645841247e-324, 4.94065645841247e-324)"
85,AntlinRiver,Southeast,Q10,0.9915909171104431,GW,AN1711171,R-004_R1_001.fastq.gz,4,4,R-004,Alaska,NA,61.145748,-151.1266057,NA,NA,NA,data/AN1711171/R-004_sorted.bam,1.37897,86,"c(4.94065645841247e-324, 4.94065645841247e-324, 4.94065645841247e-324, 4.94065645841247e-324, 4.94065645841247e-324, 4.94065645841247e-324, 4.94065645841247e-324, 4.94065645841247e-324, 4.94065645841247e-324, 4.94065645841247e-324, 4.94065645841247e-324, 4.94065645841247e-324, 4.94065645841247e-324, 4.94065645841247e-324, 4.94065645841247e-324, 4.94065645841247e-324, 4.94065645841247e-324, 4.94065645841247e-324, 4.94065645841247e-324, 4.94065645841247e-324, 4.94065645841247e-324, 4.94065645841247e-324, 
4.94065645841247e-324, 4.94065645841247e-324, 4.94065645841247e-324, 4.94065645841247e-324, 4.94065645841247e-324, 4.94065645841247e-324, 4.94065645841247e-324, 4.94065645841247e-324, 4.94065645841247e-324, 4.94065645841247e-324, 4.94065645841247e-324, 4.94065645841247e-324, 4.94065645841247e-324, 4.94065645841247e-324, 4.94065645841247e-324, 4.94065645841247e-324, 4.94065645841247e-324, 4.94065645841247e-324, 4.94065645841247e-324, 4.94065645841247e-324, 4.94065645841247e-324, 4.94065645841247e-324, 
4.94065645841247e-324, 4.94065645841247e-324, 4.94065645841247e-324, 4.94065645841247e-324, 4.94065645841247e-324)"
86,AntlinRiver,Southeast,Q10,0.9825246930122375,GW,AN1711171,R-005_R1_001.fastq.gz,5,5,R-005,Alaska,NA,61.145748,-151.1266057,NA,NA,NA,data/AN1711171/R-005_sorted.bam,1.27209,87,"c(4.94065645841247e-324, 4.94065645841247e-324, 4.94065645841247e-324, 4.94065645841247e-324, 4.94065645841247e-324, 4.94065645841247e-324, 4.94065645841247e-324, 4.94065645841247e-324, 4.94065645841247e-324, 4.94065645841247e-324, 4.94065645841247e-324, 4.94065645841247e-324, 4.94065645841247e-324, 4.94065645841247e-324, 4.94065645841247e-324, 4.94065645841247e-324, 4.94065645841247e-324, 4.94065645841247e-324, 4.94065645841247e-324, 4.94065645841247e-324, 4.94065645841247e-324, 4.94065645841247e-324, 
4.94065645841247e-324, 4.94065645841247e-324, 4.94065645841247e-324, 4.94065645841247e-324, 4.94065645841247e-324, 4.94065645841247e-324, 4.94065645841247e-324, 4.94065645841247e-324, 4.94065645841247e-324, 4.94065645841247e-324, 4.94065645841247e-324, 4.94065645841247e-324, 4.94065645841247e-324, 4.94065645841247e-324, 4.94065645841247e-324, 4.94065645841247e-324, 4.94065645841247e-324, 4.94065645841247e-324, 4.94065645841247e-324, 4.94065645841247e-324, 4.94065645841247e-324, 4.94065645841247e-324, 
4.94065645841247e-324, 4.94065645841247e-324, 4.94065645841247e-324, 4.94065645841247e-324, 4.94065645841247e-324)"
87,AntlinRiver,Southeast,Q10,0.9864867925643921,GW,AN1711171,R-006_R1_001.fastq.gz,6,6,R-006,Alaska,NA,61.145748,-151.1266057,NA,NA,NA,data/AN1711171/R-006_sorted.bam,1.28268,88,"c(4.94065645841247e-324, 4.94065645841247e-324, 4.94065645841247e-324, 4.94065645841247e-324, 4.94065645841247e-324, 4.94065645841247e-324, 4.94065645841247e-324, 4.94065645841247e-324, 4.94065645841247e-324, 4.94065645841247e-324, 4.94065645841247e-324, 4.94065645841247e-324, 4.94065645841247e-324, 4.94065645841247e-324, 4.94065645841247e-324, 4.94065645841247e-324, 4.94065645841247e-324, 4.94065645841247e-324, 4.94065645841247e-324, 4.94065645841247e-324, 4.94065645841247e-324, 4.94065645841247e-324, 
4.94065645841247e-324, 4.94065645841247e-324, 4.94065645841247e-324, 4.94065645841247e-324, 4.94065645841247e-324, 4.94065645841247e-324, 4.94065645841247e-324, 4.94065645841247e-324, 4.94065645841247e-324, 4.94065645841247e-324, 4.94065645841247e-324, 4.94065645841247e-324, 4.94065645841247e-324, 4.94065645841247e-324, 4.94065645841247e-324, 4.94065645841247e-324, 4.94065645841247e-324, 4.94065645841247e-324, 4.94065645841247e-324, 4.94065645841247e-324, 4.94065645841247e-324, 4.94065645841247e-324, 
4.94065645841247e-324, 4.94065645841247e-324, 4.94065645841247e-324, 4.94065645841247e-324, 4.94065645841247e-324)"
88,AntlinRiver,Southeast,Q10,0.9805684089660645,GW,AN1711171,R-007_R1_001.fastq.gz,7,7,R-007,Alaska,NA,61.145748,-151.1266057,NA,NA,NA,data/AN1711171/R-007_sorted.bam,1.41162,89,"c(4.94065645841247e-324, 4.94065645841247e-324, 4.94065645841247e-324, 4.94065645841247e-324, 4.94065645841247e-324, 4.94065645841247e-324, 4.94065645841247e-324, 4.94065645841247e-324, 4.94065645841247e-324, 4.94065645841247e-324, 4.94065645841247e-324, 4.94065645841247e-324, 4.94065645841247e-324, 4.94065645841247e-324, 4.94065645841247e-324, 4.94065645841247e-324, 4.94065645841247e-324, 4.94065645841247e-324, 4.94065645841247e-324, 4.94065645841247e-324, 4.94065645841247e-324, 4.94065645841247e-324, 
4.94065645841247e-324, 4.94065645841247e-324, 4.94065645841247e-324, 4.94065645841247e-324, 4.94065645841247e-324, 4.94065645841247e-324, 4.94065645841247e-324, 4.94065645841247e-324, 4.94065645841247e-324, 4.94065645841247e-324, 4.94065645841247e-324, 4.94065645841247e-324, 4.94065645841247e-324, 4.94065645841247e-324, 4.94065645841247e-324, 4.94065645841247e-324, 4.94065645841247e-324, 4.94065645841247e-324, 4.94065645841247e-324, 4.94065645841247e-324, 4.94065645841247e-324, 4.94065645841247e-324, 
4.94065645841247e-324, 4.94065645841247e-324, 4.94065645841247e-324, 4.94065645841247e-324, 4.94065645841247e-324)"
89,AntlinRiver,Southeast,Q10,0.972894012928009,GW,AN1711171,R-008_R1_001.fastq.gz,10,10,R-008,Alaska,NA,61.145748,-151.1266057,NA,NA,NA,data/AN1711171/R-008_sorted.bam,1.1166,90,"c(4.94065645841247e-324, 4.94065645841247e-324, 4.94065645841247e-324, 4.94065645841247e-324, 4.94065645841247e-324, 4.94065645841247e-324, 4.94065645841247e-324, 4.94065645841247e-324, 4.94065645841247e-324, 4.94065645841247e-324, 4.94065645841247e-324, 4.94065645841247e-324, 4.94065645841247e-324, 4.94065645841247e-324, 4.94065645841247e-324, 4.94065645841247e-324, 4.94065645841247e-324, 4.94065645841247e-324, 4.94065645841247e-324, 4.94065645841247e-324, 4.94065645841247e-324, 4.94065645841247e-324, 
4.94065645841247e-324, 4.94065645841247e-324, 4.94065645841247e-324, 4.94065645841247e-324, 4.94065645841247e-324, 4.94065645841247e-324, 4.94065645841247e-324, 4.94065645841247e-324, 4.94065645841247e-324, 4.94065645841247e-324, 4.94065645841247e-324, 4.94065645841247e-324, 4.94065645841247e-324, 4.94065645841247e-324, 4.94065645841247e-324, 4.94065645841247e-324, 4.94065645841247e-324, 4.94065645841247e-324, 4.94065645841247e-324, 4.94065645841247e-324, 4.94065645841247e-324, 4.94065645841247e-324, 
4.94065645841247e-324, 4.94065645841247e-324, 4.94065645841247e-324, 4.94065645841247e-324, 4.94065645841247e-324)"
90,AntlinRiver,Southeast,Q10,0.9822834730148315,GW,AN1711171,R-009_R1_001.fastq.gz,13,13,R-009,Alaska,NA,61.145748,-151.1266057,NA,NA,NA,data/AN1711171/R-009_sorted.bam,1.08665,91,"c(4.94065645841247e-324, 4.94065645841247e-324, 4.94065645841247e-324, 4.94065645841247e-324, 4.94065645841247e-324, 4.94065645841247e-324, 4.94065645841247e-324, 4.94065645841247e-324, 4.94065645841247e-324, 4.94065645841247e-324, 4.94065645841247e-324, 4.94065645841247e-324, 4.94065645841247e-324, 4.94065645841247e-324, 4.94065645841247e-324, 4.94065645841247e-324, 4.94065645841247e-324, 4.94065645841247e-324, 4.94065645841247e-324, 4.94065645841247e-324, 4.94065645841247e-324, 4.94065645841247e-324, 
4.94065645841247e-324, 4.94065645841247e-324, 4.94065645841247e-324, 4.94065645841247e-324, 4.94065645841247e-324, 4.94065645841247e-324, 4.94065645841247e-324, 4.94065645841247e-324, 4.94065645841247e-324, 4.94065645841247e-324, 4.94065645841247e-324, 4.94065645841247e-324, 4.94065645841247e-324, 4.94065645841247e-324, 4.94065645841247e-324, 4.94065645841247e-324, 4.94065645841247e-324, 4.94065645841247e-324, 4.94065645841247e-324, 4.94065645841247e-324, 4.94065645841247e-324, 4.94065645841247e-324, 
4.94065645841247e-324, 4.94065645841247e-324, 4.94065645841247e-324, 4.94065645841247e-324, 4.94065645841247e-324)"
91,AntlinRiver,Southeast,Q10,0.9643382430076599,GW,AN1711171,R-010_R1_001.fastq.gz,16,16,R-010,Alaska,NA,61.145748,-151.1266057,NA,NA,NA,data/AN1711171/R-010_sorted.bam,1.24662,92,"c(4.94065645841247e-324, 4.94065645841247e-324, 4.94065645841247e-324, 4.94065645841247e-324, 4.94065645841247e-324, 4.94065645841247e-324, 4.94065645841247e-324, 4.94065645841247e-324, 4.94065645841247e-324, 4.94065645841247e-324, 4.94065645841247e-324, 4.94065645841247e-324, 4.94065645841247e-324, 4.94065645841247e-324, 4.94065645841247e-324, 4.94065645841247e-324, 4.94065645841247e-324, 4.94065645841247e-324, 4.94065645841247e-324, 4.94065645841247e-324, 4.94065645841247e-324, 4.94065645841247e-324, 
4.94065645841247e-324, 4.94065645841247e-324, 4.94065645841247e-324, 4.94065645841247e-324, 4.94065645841247e-324, 4.94065645841247e-324, 4.94065645841247e-324, 4.94065645841247e-324, 4.94065645841247e-324, 4.94065645841247e-324, 4.94065645841247e-324, 4.94065645841247e-324, 4.94065645841247e-324, 4.94065645841247e-324, 4.94065645841247e-324, 4.94065645841247e-324, 4.94065645841247e-324, 4.94065645841247e-324, 4.94065645841247e-324, 4.94065645841247e-324, 4.94065645841247e-324, 4.94065645841247e-324, 
4.94065645841247e-324, 4.94065645841247e-324, 4.94065645841247e-324, 4.94065645841247e-324, 4.94065645841247e-324)"
92,AntlinRiver,Southeast,Q10,0.9683592319488525,GW,AN1711171,R-011_R1_001.fastq.gz,18,18,R-011,Alaska,NA,61.145748,-151.1266057,NA,NA,NA,data/AN1711171/R-011_sorted.bam,1.33051,93,"c(4.94065645841247e-324, 4.94065645841247e-324, 4.94065645841247e-324, 4.94065645841247e-324, 4.94065645841247e-324, 4.94065645841247e-324, 4.94065645841247e-324, 4.94065645841247e-324, 4.94065645841247e-324, 4.94065645841247e-324, 4.94065645841247e-324, 4.94065645841247e-324, 4.94065645841247e-324, 4.94065645841247e-324, 4.94065645841247e-324, 4.94065645841247e-324, 4.94065645841247e-324, 4.94065645841247e-324, 4.94065645841247e-324, 4.94065645841247e-324, 4.94065645841247e-324, 4.94065645841247e-324, 
4.94065645841247e-324, 4.94065645841247e-324, 4.94065645841247e-324, 4.94065645841247e-324, 4.94065645841247e-324, 4.94065645841247e-324, 4.94065645841247e-324, 4.94065645841247e-324, 4.94065645841247e-324, 4.94065645841247e-324, 4.94065645841247e-324, 4.94065645841247e-324, 4.94065645841247e-324, 4.94065645841247e-324, 4.94065645841247e-324, 4.94065645841247e-324, 4.94065645841247e-324, 4.94065645841247e-324, 4.94065645841247e-324, 4.94065645841247e-324, 4.94065645841247e-324, 4.94065645841247e-324, 
4.94065645841247e-324, 4.94065645841247e-324, 4.94065645841247e-324, 4.94065645841247e-324, 4.94065645841247e-324)"
93,AntlinRiver,Southeast,Q10,0.9812113046646118,GW,AN1711171,R-012_R1_001.fastq.gz,19,19,R-012,Alaska,NA,61.145748,-151.1266057,NA,NA,NA,data/AN1711171/R-012_sorted.bam,1.25698,94,"c(4.94065645841247e-324, 4.94065645841247e-324, 4.94065645841247e-324, 4.94065645841247e-324, 4.94065645841247e-324, 4.94065645841247e-324, 4.94065645841247e-324, 4.94065645841247e-324, 4.94065645841247e-324, 4.94065645841247e-324, 4.94065645841247e-324, 4.94065645841247e-324, 4.94065645841247e-324, 4.94065645841247e-324, 4.94065645841247e-324, 4.94065645841247e-324, 4.94065645841247e-324, 4.94065645841247e-324, 4.94065645841247e-324, 4.94065645841247e-324, 4.94065645841247e-324, 4.94065645841247e-324, 
4.94065645841247e-324, 4.94065645841247e-324, 4.94065645841247e-324, 4.94065645841247e-324, 4.94065645841247e-324, 4.94065645841247e-324, 4.94065645841247e-324, 4.94065645841247e-324, 4.94065645841247e-324, 4.94065645841247e-324, 4.94065645841247e-324, 4.94065645841247e-324, 4.94065645841247e-324, 4.94065645841247e-324, 4.94065645841247e-324, 4.94065645841247e-324, 4.94065645841247e-324, 4.94065645841247e-324, 4.94065645841247e-324, 4.94065645841247e-324, 4.94065645841247e-324, 4.94065645841247e-324, 
4.94065645841247e-324, 4.94065645841247e-324, 4.94065645841247e-324, 4.94065645841247e-324, 4.94065645841247e-324)"
113,DeshkaRiver,Southcentral,Q11,0.962637186050415,GW,AN1711171,R-032_R1_001.fastq.gz,43,43,R-032,Alaska,NA,61.145748,-151.1266057,NA,NA,NA,data/AN1711171/R-032_sorted.bam,1.45963,114,"c(4.94065645841247e-324, 4.94065645841247e-324, 4.94065645841247e-324, 4.94065645841247e-324, 4.94065645841247e-324, 4.94065645841247e-324, 4.94065645841247e-324, 4.94065645841247e-324, 4.94065645841247e-324, 4.94065645841247e-324, 4.94065645841247e-324, 4.94065645841247e-324, 4.94065645841247e-324, 4.94065645841247e-324, 4.94065645841247e-324, 4.94065645841247e-324, 4.94065645841247e-324, 4.94065645841247e-324, 4.94065645841247e-324, 4.94065645841247e-324, 4.94065645841247e-324, 4.94065645841247e-324, 
4.94065645841247e-324, 4.94065645841247e-324, 4.94065645841247e-324, 4.94065645841247e-324, 4.94065645841247e-324, 4.94065645841247e-324, 4.94065645841247e-324, 4.94065645841247e-324, 4.94065645841247e-324, 4.94065645841247e-324, 4.94065645841247e-324, 4.94065645841247e-324, 4.94065645841247e-324, 4.94065645841247e-324, 4.94065645841247e-324, 4.94065645841247e-324, 4.94065645841247e-324, 4.94065645841247e-324, 4.94065645841247e-324, 4.94065645841247e-324, 4.94065645841247e-324, 4.94065645841247e-324, 
4.94065645841247e-324, 4.94065645841247e-324, 4.94065645841247e-324, 4.94065645841247e-324, 4.94065645841247e-324)"
121,EagleLake,Midwest,Q13,0.9774845242500305,GW,AN1711171,S-005_R1_001.fastq.gz,403380,403380,S-005,Alaska,NA,61.145748,-151.1266057,NA,NA,NA,data/AN1711171/S-005_sorted.bam,1.38057,122,"c(4.94065645841247e-324, 4.94065645841247e-324, 4.94065645841247e-324, 4.94065645841247e-324, 4.94065645841247e-324, 4.94065645841247e-324, 4.94065645841247e-324, 4.94065645841247e-324, 4.94065645841247e-324, 4.94065645841247e-324, 4.94065645841247e-324, 4.94065645841247e-324, 4.94065645841247e-324, 4.94065645841247e-324, 4.94065645841247e-324, 4.94065645841247e-324, 4.94065645841247e-324, 4.94065645841247e-324, 4.94065645841247e-324, 4.94065645841247e-324, 4.94065645841247e-324, 4.94065645841247e-324, 
4.94065645841247e-324, 4.94065645841247e-324, 4.94065645841247e-324, 4.94065645841247e-324, 4.94065645841247e-324, 4.94065645841247e-324, 4.94065645841247e-324, 4.94065645841247e-324, 4.94065645841247e-324, 4.94065645841247e-324, 4.94065645841247e-324, 4.94065645841247e-324, 4.94065645841247e-324, 4.94065645841247e-324, 4.94065645841247e-324, 4.94065645841247e-324, 4.94065645841247e-324, 4.94065645841247e-324, 4.94065645841247e-324, 4.94065645841247e-324, 4.94065645841247e-324, 4.94065645841247e-324, 
4.94065645841247e-324, 4.94065645841247e-324, 4.94065645841247e-324, 4.94065645841247e-324, 4.94065645841247e-324)"
123,EagleLake,Midwest,Q13,0.9820526242256165,GW,AN1711171,S-008_R1_001.fastq.gz,403393,403393,S-008,Alaska,NA,61.145748,-151.1266057,NA,NA,NA,data/AN1711171/S-008_sorted.bam,1.21552,125,"c(4.94065645841247e-324, 4.94065645841247e-324, 4.94065645841247e-324, 4.94065645841247e-324, 4.94065645841247e-324, 4.94065645841247e-324, 4.94065645841247e-324, 4.94065645841247e-324, 4.94065645841247e-324, 4.94065645841247e-324, 4.94065645841247e-324, 4.94065645841247e-324, 4.94065645841247e-324, 4.94065645841247e-324, 4.94065645841247e-324, 4.94065645841247e-324, 4.94065645841247e-324, 4.94065645841247e-324, 4.94065645841247e-324, 4.94065645841247e-324, 4.94065645841247e-324, 4.94065645841247e-324, 
4.94065645841247e-324, 4.94065645841247e-324, 4.94065645841247e-324, 4.94065645841247e-324, 4.94065645841247e-324, 4.94065645841247e-324, 4.94065645841247e-324, 4.94065645841247e-324, 4.94065645841247e-324, 4.94065645841247e-324, 4.94065645841247e-324, 4.94065645841247e-324, 4.94065645841247e-324, 4.94065645841247e-324, 4.94065645841247e-324, 4.94065645841247e-324, 4.94065645841247e-324, 4.94065645841247e-324, 4.94065645841247e-324, 4.94065645841247e-324, 4.94065645841247e-324, 4.94065645841247e-324, 
4.94065645841247e-324, 4.94065645841247e-324, 4.94065645841247e-324, 4.94065645841247e-324, 4.94065645841247e-324)"
124,EagleLake,Midwest,Q13,0.9805709719657898,GW,AN1711171,S-009_R1_001.fastq.gz,403394,403394,S-009,Alaska,NA,61.145748,-151.1266057,NA,NA,NA,data/AN1711171/S-009_sorted.bam,1.26782,126,"c(4.94065645841247e-324, 4.94065645841247e-324, 4.94065645841247e-324, 4.94065645841247e-324, 4.94065645841247e-324, 4.94065645841247e-324, 4.94065645841247e-324, 4.94065645841247e-324, 4.94065645841247e-324, 4.94065645841247e-324, 4.94065645841247e-324, 4.94065645841247e-324, 4.94065645841247e-324, 4.94065645841247e-324, 4.94065645841247e-324, 4.94065645841247e-324, 4.94065645841247e-324, 4.94065645841247e-324, 4.94065645841247e-324, 4.94065645841247e-324, 4.94065645841247e-324, 4.94065645841247e-324, 
4.94065645841247e-324, 4.94065645841247e-324, 4.94065645841247e-324, 4.94065645841247e-324, 4.94065645841247e-324, 4.94065645841247e-324, 4.94065645841247e-324, 4.94065645841247e-324, 4.94065645841247e-324, 4.94065645841247e-324, 4.94065645841247e-324, 4.94065645841247e-324, 4.94065645841247e-324, 4.94065645841247e-324, 4.94065645841247e-324, 4.94065645841247e-324, 4.94065645841247e-324, 4.94065645841247e-324, 4.94065645841247e-324, 4.94065645841247e-324, 4.94065645841247e-324, 4.94065645841247e-324, 
4.94065645841247e-324, 4.94065645841247e-324, 4.94065645841247e-324, 4.94065645841247e-324, 4.94065645841247e-324)"
125,EagleLake,Midwest,Q13,0.9851059317588806,GW,AN1711171,S-010_R1_001.fastq.gz,403395,403395,S-010,Alaska,NA,61.145748,-151.1266057,NA,NA,NA,data/AN1711171/S-010_sorted.bam,1.17816,127,"c(4.94065645841247e-324, 4.94065645841247e-324, 4.94065645841247e-324, 4.94065645841247e-324, 4.94065645841247e-324, 4.94065645841247e-324, 4.94065645841247e-324, 4.94065645841247e-324, 4.94065645841247e-324, 4.94065645841247e-324, 4.94065645841247e-324, 4.94065645841247e-324, 4.94065645841247e-324, 4.94065645841247e-324, 4.94065645841247e-324, 4.94065645841247e-324, 4.94065645841247e-324, 4.94065645841247e-324, 4.94065645841247e-324, 4.94065645841247e-324, 4.94065645841247e-324, 4.94065645841247e-324, 
4.94065645841247e-324, 4.94065645841247e-324, 4.94065645841247e-324, 4.94065645841247e-324, 4.94065645841247e-324, 4.94065645841247e-324, 4.94065645841247e-324, 4.94065645841247e-324, 4.94065645841247e-324, 4.94065645841247e-324, 4.94065645841247e-324, 4.94065645841247e-324, 4.94065645841247e-324, 4.94065645841247e-324, 4.94065645841247e-324, 4.94065645841247e-324, 4.94065645841247e-324, 4.94065645841247e-324, 4.94065645841247e-324, 4.94065645841247e-324, 4.94065645841247e-324, 4.94065645841247e-324, 
4.94065645841247e-324, 4.94065645841247e-324, 4.94065645841247e-324, 4.94065645841247e-324, 4.94065645841247e-324)"
126,EagleLake,Midwest,Q13,0.9661527276039124,GW,AN1711171,S-011_R1_001.fastq.gz,403396,403396,S-011,Alaska,NA,61.145748,-151.1266057,NA,NA,NA,data/AN1711171/S-011_sorted.bam,1.28494,128,"c(4.94065645841247e-324, 4.94065645841247e-324, 4.94065645841247e-324, 4.94065645841247e-324, 4.94065645841247e-324, 4.94065645841247e-324, 4.94065645841247e-324, 4.94065645841247e-324, 4.94065645841247e-324, 4.94065645841247e-324, 4.94065645841247e-324, 4.94065645841247e-324, 4.94065645841247e-324, 4.94065645841247e-324, 4.94065645841247e-324, 4.94065645841247e-324, 4.94065645841247e-324, 4.94065645841247e-324, 4.94065645841247e-324, 4.94065645841247e-324, 4.94065645841247e-324, 4.94065645841247e-324, 
4.94065645841247e-324, 4.94065645841247e-324, 4.94065645841247e-324, 4.94065645841247e-324, 4.94065645841247e-324, 4.94065645841247e-324, 4.94065645841247e-324, 4.94065645841247e-324, 4.94065645841247e-324, 4.94065645841247e-324, 4.94065645841247e-324, 4.94065645841247e-324, 4.94065645841247e-324, 4.94065645841247e-324, 4.94065645841247e-324, 4.94065645841247e-324, 4.94065645841247e-324, 4.94065645841247e-324, 4.94065645841247e-324, 4.94065645841247e-324, 4.94065645841247e-324, 4.94065645841247e-324, 
4.94065645841247e-324, 4.94065645841247e-324, 4.94065645841247e-324, 4.94065645841247e-324, 4.94065645841247e-324)"
127,EagleLake,Midwest,Q13,0.9625713229179382,GW,AN1711171,S-012_R1_001.fastq.gz,403397,403397,S-012,Alaska,NA,61.145748,-151.1266057,NA,NA,NA,data/AN1711171/S-012_sorted.bam,1.20319,129,"c(4.94065645841247e-324, 4.94065645841247e-324, 4.94065645841247e-324, 4.94065645841247e-324, 4.94065645841247e-324, 4.94065645841247e-324, 4.94065645841247e-324, 4.94065645841247e-324, 4.94065645841247e-324, 4.94065645841247e-324, 4.94065645841247e-324, 4.94065645841247e-324, 4.94065645841247e-324, 4.94065645841247e-324, 4.94065645841247e-324, 4.94065645841247e-324, 4.94065645841247e-324, 4.94065645841247e-324, 4.94065645841247e-324, 4.94065645841247e-324, 4.94065645841247e-324, 4.94065645841247e-324, 
4.94065645841247e-324, 4.94065645841247e-324, 4.94065645841247e-324, 4.94065645841247e-324, 4.94065645841247e-324, 4.94065645841247e-324, 4.94065645841247e-324, 4.94065645841247e-324, 4.94065645841247e-324, 4.94065645841247e-324, 4.94065645841247e-324, 4.94065645841247e-324, 4.94065645841247e-324, 4.94065645841247e-324, 4.94065645841247e-324, 4.94065645841247e-324, 4.94065645841247e-324, 4.94065645841247e-324, 4.94065645841247e-324, 4.94065645841247e-324, 4.94065645841247e-324, 4.94065645841247e-324, 
4.94065645841247e-324, 4.94065645841247e-324, 4.94065645841247e-324, 4.94065645841247e-324, 4.94065645841247e-324)"
209,NorthSlope,North,Q15,0.9648494124412537,GW,BK1703222,D-006_S71_R1_001.fastq.gz,AL2016-1319,402269,D-006_S71,Alaska,NA,60.182356,-154.551041,NA,NA,NA,data/BK1703222/D-006_S71_sorted.bam,1.15156,212,"c(4.94065645841247e-324, 4.94065645841247e-324, 4.94065645841247e-324, 4.94065645841247e-324, 4.94065645841247e-324, 4.94065645841247e-324, 4.94065645841247e-324, 4.94065645841247e-324, 4.94065645841247e-324, 4.94065645841247e-324, 4.94065645841247e-324, 4.94065645841247e-324, 4.94065645841247e-324, 4.94065645841247e-324, 4.94065645841247e-324, 4.94065645841247e-324, 4.94065645841247e-324, 4.94065645841247e-324, 4.94065645841247e-324, 4.94065645841247e-324, 4.94065645841247e-324, 4.94065645841247e-324, 
4.94065645841247e-324, 4.94065645841247e-324, 4.94065645841247e-324, 4.94065645841247e-324, 4.94065645841247e-324, 4.94065645841247e-324, 4.94065645841247e-324, 4.94065645841247e-324, 4.94065645841247e-324, 4.94065645841247e-324, 4.94065645841247e-324, 4.94065645841247e-324, 4.94065645841247e-324, 4.94065645841247e-324, 4.94065645841247e-324, 4.94065645841247e-324, 4.94065645841247e-324, 4.94065645841247e-324, 4.94065645841247e-324, 4.94065645841247e-324, 4.94065645841247e-324, 4.94065645841247e-324, 
4.94065645841247e-324, 4.94065645841247e-324, 4.94065645841247e-324, 4.94065645841247e-324, 4.94065645841247e-324)"
210,NorthSlope,North,Q15,0.9705120921134949,GW,BK1703222,D-008_S73_R1_001.fastq.gz,AL2016-1322,402272,D-008_S73,Alaska,NA,60.182356,-154.551041,NA,NA,NA,data/BK1703222/D-008_S73_sorted.bam,1.06502,213,"c(4.94065645841247e-324, 4.94065645841247e-324, 4.94065645841247e-324, 4.94065645841247e-324, 4.94065645841247e-324, 4.94065645841247e-324, 4.94065645841247e-324, 4.94065645841247e-324, 4.94065645841247e-324, 4.94065645841247e-324, 4.94065645841247e-324, 4.94065645841247e-324, 4.94065645841247e-324, 4.94065645841247e-324, 4.94065645841247e-324, 4.94065645841247e-324, 4.94065645841247e-324, 4.94065645841247e-324, 4.94065645841247e-324, 4.94065645841247e-324, 4.94065645841247e-324, 4.94065645841247e-324, 
4.94065645841247e-324, 4.94065645841247e-324, 4.94065645841247e-324, 4.94065645841247e-324, 4.94065645841247e-324, 4.94065645841247e-324, 4.94065645841247e-324, 4.94065645841247e-324, 4.94065645841247e-324, 4.94065645841247e-324, 4.94065645841247e-324, 4.94065645841247e-324, 4.94065645841247e-324, 4.94065645841247e-324, 4.94065645841247e-324, 4.94065645841247e-324, 4.94065645841247e-324, 4.94065645841247e-324, 4.94065645841247e-324, 4.94065645841247e-324, 4.94065645841247e-324, 4.94065645841247e-324, 
4.94065645841247e-324, 4.94065645841247e-324, 4.94065645841247e-324, 4.94065645841247e-324, 4.94065645841247e-324)"
211,NorthSlope,North,Q15,0.9803692102432251,GW,BK1703222,D-010_S75_R1_001.fastq.gz,AL2016-1324,402274,D-010_S75,Alaska,NA,60.182356,-154.551041,NA,NA,NA,data/BK1703222/D-010_S75_sorted.bam,1.06798,214,"c(4.94065645841247e-324, 4.94065645841247e-324, 4.94065645841247e-324, 4.94065645841247e-324, 4.94065645841247e-324, 4.94065645841247e-324, 4.94065645841247e-324, 4.94065645841247e-324, 4.94065645841247e-324, 4.94065645841247e-324, 4.94065645841247e-324, 4.94065645841247e-324, 4.94065645841247e-324, 4.94065645841247e-324, 4.94065645841247e-324, 4.94065645841247e-324, 4.94065645841247e-324, 4.94065645841247e-324, 4.94065645841247e-324, 4.94065645841247e-324, 4.94065645841247e-324, 4.94065645841247e-324, 
4.94065645841247e-324, 4.94065645841247e-324, 4.94065645841247e-324, 4.94065645841247e-324, 4.94065645841247e-324, 4.94065645841247e-324, 4.94065645841247e-324, 4.94065645841247e-324, 4.94065645841247e-324, 4.94065645841247e-324, 4.94065645841247e-324, 4.94065645841247e-324, 4.94065645841247e-324, 4.94065645841247e-324, 4.94065645841247e-324, 4.94065645841247e-324, 4.94065645841247e-324, 4.94065645841247e-324, 4.94065645841247e-324, 4.94065645841247e-324, 4.94065645841247e-324, 4.94065645841247e-324, 
4.94065645841247e-324, 4.94065645841247e-324, 4.94065645841247e-324, 4.94065645841247e-324, 4.94065645841247e-324)"
212,NorthSlope,North,Q15,0.9782755970954895,GW,BK1703222,D-011_S76_R1_001.fastq.gz,AL2016-1325,402275,D-011_S76,Alaska,NA,60.182356,-154.551041,NA,NA,NA,data/BK1703222/D-011_S76_sorted.bam,1.07582,215,"c(4.94065645841247e-324, 4.94065645841247e-324, 4.94065645841247e-324, 4.94065645841247e-324, 4.94065645841247e-324, 4.94065645841247e-324, 4.94065645841247e-324, 4.94065645841247e-324, 4.94065645841247e-324, 4.94065645841247e-324, 4.94065645841247e-324, 4.94065645841247e-324, 4.94065645841247e-324, 4.94065645841247e-324, 4.94065645841247e-324, 4.94065645841247e-324, 4.94065645841247e-324, 4.94065645841247e-324, 4.94065645841247e-324, 4.94065645841247e-324, 4.94065645841247e-324, 4.94065645841247e-324, 
4.94065645841247e-324, 4.94065645841247e-324, 4.94065645841247e-324, 4.94065645841247e-324, 4.94065645841247e-324, 4.94065645841247e-324, 4.94065645841247e-324, 4.94065645841247e-324, 4.94065645841247e-324, 4.94065645841247e-324, 4.94065645841247e-324, 4.94065645841247e-324, 4.94065645841247e-324, 4.94065645841247e-324, 4.94065645841247e-324, 4.94065645841247e-324, 4.94065645841247e-324, 4.94065645841247e-324, 4.94065645841247e-324, 4.94065645841247e-324, 4.94065645841247e-324, 4.94065645841247e-324, 
4.94065645841247e-324, 4.94065645841247e-324, 4.94065645841247e-324, 4.94065645841247e-324, 4.94065645841247e-324)"
